{"cameraMode":{"drawMode":0,"name":"Shaded","section":"Shading Mode"},"sceneLighting":true,"audioPlay":false,"sceneViewState":{"m_AlwaysRefresh":false,"showFog":true,"showSkybox":true,"showFlares":true,"showImageEffects":true,"showParticleSystems":true,"showVisualEffectGraphs":true,"m_FxEnabled":true},"in2DMode":false,"pivot":{"x":23.35576629638672,"y":2.7104732990264894,"z":20.320728302001954},"rotation":{"x":-0.014992444775998593,"y":-0.03149200975894928,"z":-0.00047269868082366884,"w":0.9993959665298462},"size":14.500419616699219,"orthographic":false}