{"cameraMode":{"drawMode":0,"name":"Shaded","section":"Shading Mode"},"sceneLighting":true,"audioPlay":false,"sceneViewState":{"m_AlwaysRefresh":false,"showFog":true,"showSkybox":true,"showFlares":true,"showImageEffects":true,"showParticleSystems":true,"showVisualEffectGraphs":true,"m_FxEnabled":true},"in2DMode":false,"pivot":{"x":27.18779754638672,"y":1.0778192281723023,"z":4.839064598083496},"rotation":{"x":0.0014995010569691659,"y":0.014998777769505978,"z":-0.000022814074327470735,"w":0.9998893141746521},"size":7.0769877433776859,"orthographic":false}