{"cameraMode":{"drawMode":0,"name":"Shaded","section":"Shading Mode"},"sceneLighting":true,"audioPlay":false,"sceneViewState":{"m_AlwaysRefresh":false,"showFog":true,"showSkybox":true,"showFlares":true,"showImageEffects":true,"showParticleSystems":true,"showVisualEffectGraphs":true,"m_FxEnabled":true},"in2DMode":false,"pivot":{"x":25.850994110107423,"y":0.6624770760536194,"z":-1.9527547359466553},"rotation":{"x":-0.014992444775998593,"y":-0.03149200975894928,"z":-0.00047269868082366884,"w":0.9993959665298462},"size":3.527228832244873,"orthographic":false}