{"cameraMode":{"drawMode":0,"name":"Shaded","section":"Shading Mode"},"sceneLighting":true,"audioPlay":false,"sceneViewState":{"m_AlwaysRefresh":false,"showFog":true,"showSkybox":true,"showFlares":true,"showImageEffects":true,"showParticleSystems":true,"showVisualEffectGraphs":true,"m_FxEnabled":false},"in2DMode":false,"pivot":{"x":-3.469757080078125,"y":3.9361162185668947,"z":-3.211850166320801},"rotation":{"x":-0.047651153057813647,"y":0.03058754839003086,"z":0.0014770787674933673,"w":0.9984208345413208},"size":10.125399589538575,"orthographic":false}